provider,day_of_week,hour,capacity,total_cost,availability,extra_hours,previous_load,collaborates_with_others,agenda_text,predicted_demand
Luis,Monday,21,2,70.3,0.93,1,0.11,False,Luis is available on Monday at 21h. Capacity: 2. Load: 0.11,0.32
Ana,Tuesday,20,5,106.39,0.16,1,0.89,True,Ana is available on Tuesday at 20h. Capacity: 5. Load: 0.89,0.06
Carlos,Wednesday,14,2,51.68,0.52,0,0.24,True,Carlos is available on Wednesday at 14h. Capacity: 2. Load: 0.24,0.54
Ana,Wednesday,17,4,91.02,0.53,0,0.45,False,Ana is available on Wednesday at 17h. Capacity: 4. Load: 0.45,0.88
Lucía,Monday,9,2,55.1,0.22,0,0.97,True,Lucía is available on Monday at 9h. Capacity: 2. Load: 0.97,0.04
Luis,Wednesday,21,4,102.02,0.98,1,0.65,False,Luis is available on Wednesday at 21h. Capacity: 4. Load: 0.65,0.75
Carlos,Monday,15,3,71.14,0.36,0,0.03,True,Carlos is available on Monday at 15h. Capacity: 3. Load: 0.03,0.29
Ana,Saturday,11,4,80.99,0.54,0,0.03,False,Ana is available on Saturday at 11h. Capacity: 4. Load: 0.03,0.12
María,Saturday,18,2,39.79,0.54,0,0.63,False,María is available on Saturday at 18h. Capacity: 2. Load: 0.63,0.15
Lucía,Sunday,16,4,41.32,0.22,0,0.6,True,Lucía is available on Sunday at 16h. Capacity: 4. Load: 0.6,0.94
Lucía,Friday,21,4,59.05,0.16,1,0.52,True,Lucía is available on Friday at 21h. Capacity: 4. Load: 0.52,0.6
Carlos,Thursday,15,2,82.22,0.69,0,0.98,True,Carlos is available on Thursday at 15h. Capacity: 2. Load: 0.98,0.0
María,Wednesday,9,1,91.6,0.66,0,0.78,False,María is available on Wednesday at 9h. Capacity: 1. Load: 0.78,0.43
Javier,Monday,20,2,93.25,0.45,1,0.76,False,Javier is available on Monday at 20h. Capacity: 2. Load: 0.76,0.34
Carlos,Saturday,11,4,71.78,0.27,0,0.77,True,Carlos is available on Saturday at 11h. Capacity: 4. Load: 0.77,0.25
María,Tuesday,10,4,52.91,0.12,0,0.06,True,María is available on Tuesday at 10h. Capacity: 4. Load: 0.06,0.62
Patricia,Sunday,7,1,90.45,0.14,0,0.08,False,Patricia is available on Sunday at 7h. Capacity: 1. Load: 0.08,0.17
Carlos,Saturday,11,2,77.57,0.64,0,0.61,True,Carlos is available on Saturday at 11h. Capacity: 2. Load: 0.61,0.47
Lucía,Wednesday,13,1,48.32,0.68,0,0.52,False,Lucía is available on Wednesday at 13h. Capacity: 1. Load: 0.52,0.48
Lucía,Friday,8,3,49.98,0.84,0,0.64,True,Lucía is available on Friday at 8h. Capacity: 3. Load: 0.64,0.57
Patricia,Wednesday,13,5,42.87,0.6,0,0.62,False,Patricia is available on Wednesday at 13h. Capacity: 5. Load: 0.62,0.46
Ana,Thursday,9,5,57.58,0.51,0,0.93,True,Ana is available on Thursday at 9h. Capacity: 5. Load: 0.93,0.87
Carlos,Wednesday,15,5,98.93,0.2,0,0.42,False,Carlos is available on Wednesday at 15h. Capacity: 5. Load: 0.42,0.49
Patricia,Monday,20,3,43.84,0.41,1,0.56,False,Patricia is available on Monday at 20h. Capacity: 3. Load: 0.56,0.68
Carlos,Saturday,8,2,61.45,0.48,0,0.32,False,Carlos is available on Saturday at 8h. Capacity: 2. Load: 0.32,0.37
Patricia,Saturday,17,2,38.5,0.72,0,0.11,False,Patricia is available on Saturday at 17h. Capacity: 2. Load: 0.11,0.59
Javier,Sunday,20,4,53.54,0.76,1,0.09,True,Javier is available on Sunday at 20h. Capacity: 4. Load: 0.09,0.81
Luis,Tuesday,13,3,85.34,0.98,0,0.73,False,Luis is available on Tuesday at 13h. Capacity: 3. Load: 0.73,0.82
María,Sunday,19,5,49.7,0.14,0,0.01,False,María is available on Sunday at 19h. Capacity: 5. Load: 0.01,0.91
Luis,Saturday,15,3,75.66,0.49,0,0.49,True,Luis is available on Saturday at 15h. Capacity: 3. Load: 0.49,0.61
Ana,Sunday,7,5,74.44,0.55,0,0.09,False,Ana is available on Sunday at 7h. Capacity: 5. Load: 0.09,0.66
María,Sunday,7,1,56.29,0.5,0,0.42,True,María is available on Sunday at 7h. Capacity: 1. Load: 0.42,0.52
Ana,Saturday,14,2,42.67,0.25,0,0.86,True,Ana is available on Saturday at 14h. Capacity: 2. Load: 0.86,0.41
Carlos,Tuesday,12,4,52.08,0.13,0,0.04,True,Carlos is available on Tuesday at 12h. Capacity: 4. Load: 0.04,0.85
Carlos,Friday,12,2,50.89,0.89,0,0.29,True,Carlos is available on Friday at 12h. Capacity: 2. Load: 0.29,0.69
Lucía,Friday,8,3,65.62,0.57,0,0.27,False,Lucía is available on Friday at 8h. Capacity: 3. Load: 0.27,0.86
Luis,Tuesday,8,3,63.92,0.53,0,0.99,True,Luis is available on Tuesday at 8h. Capacity: 3. Load: 0.99,0.83
Javier,Monday,10,2,77.13,0.89,0,0.85,False,Javier is available on Monday at 10h. Capacity: 2. Load: 0.85,0.17
Patricia,Saturday,18,5,45.95,0.9,0,0.77,True,Patricia is available on Saturday at 18h. Capacity: 5. Load: 0.77,0.26
Patricia,Saturday,16,1,39.11,0.34,0,0.23,False,Patricia is available on Saturday at 16h. Capacity: 1. Load: 0.23,0.03
Ana,Friday,10,1,30.64,0.42,0,0.11,False,Ana is available on Friday at 10h. Capacity: 1. Load: 0.11,0.52
Javier,Friday,9,2,93.07,0.53,0,0.88,True,Javier is available on Friday at 9h. Capacity: 2. Load: 0.88,0.82
Lucía,Saturday,9,4,84.65,0.5,0,0.59,True,Lucía is available on Saturday at 9h. Capacity: 4. Load: 0.59,0.45
Luis,Sunday,11,1,93.87,0.28,0,0.78,False,Luis is available on Sunday at 11h. Capacity: 1. Load: 0.78,0.09
María,Saturday,15,3,51.91,0.67,0,0.66,False,María is available on Saturday at 15h. Capacity: 3. Load: 0.66,0.75
Javier,Saturday,7,5,58.41,0.98,0,0.65,False,Javier is available on Saturday at 7h. Capacity: 5. Load: 0.65,0.1
Ana,Monday,21,1,108.02,0.63,1,0.44,False,Ana is available on Monday at 21h. Capacity: 1. Load: 0.44,0.11
Luis,Thursday,8,2,51.75,0.4,0,0.16,False,Luis is available on Thursday at 8h. Capacity: 2. Load: 0.16,0.67
María,Friday,18,5,60.46,0.51,0,0.78,True,María is available on Friday at 18h. Capacity: 5. Load: 0.78,0.76
Lucía,Friday,17,1,45.02,0.79,0,0.17,False,Lucía is available on Friday at 17h. Capacity: 1. Load: 0.17,0.16
Carlos,Saturday,19,4,76.12,0.3,0,0.23,True,Carlos is available on Saturday at 19h. Capacity: 4. Load: 0.23,0.07
Luis,Saturday,10,2,77.23,0.53,0,0.48,False,Luis is available on Saturday at 10h. Capacity: 2. Load: 0.48,0.02
Lucía,Tuesday,16,2,34.8,0.12,0,0.07,True,Lucía is available on Tuesday at 16h. Capacity: 2. Load: 0.07,0.74
María,Friday,10,4,48.1,0.15,0,0.08,True,María is available on Friday at 10h. Capacity: 4. Load: 0.08,0.98
Lucía,Monday,20,1,64.72,0.14,1,0.06,False,Lucía is available on Monday at 20h. Capacity: 1. Load: 0.06,0.2
Carlos,Monday,17,2,56.6,0.37,0,0.98,True,Carlos is available on Monday at 17h. Capacity: 2. Load: 0.98,0.88
María,Sunday,10,4,54.35,0.13,0,0.83,True,María is available on Sunday at 10h. Capacity: 4. Load: 0.83,0.07
Carlos,Friday,12,5,61.51,0.8,0,1.0,True,Carlos is available on Friday at 12h. Capacity: 5. Load: 1.0,0.17
Carlos,Monday,7,2,88.84,0.79,0,0.02,False,Carlos is available on Monday at 7h. Capacity: 2. Load: 0.02,0.63
María,Tuesday,17,4,55.04,0.88,0,0.15,False,María is available on Tuesday at 17h. Capacity: 4. Load: 0.15,0.3
María,Thursday,16,3,47.51,0.87,0,0.53,True,María is available on Thursday at 16h. Capacity: 3. Load: 0.53,0.1
Carlos,Saturday,8,1,42.42,0.61,0,0.16,False,Carlos is available on Saturday at 8h. Capacity: 1. Load: 0.16,0.35
María,Saturday,10,2,54.08,0.16,0,0.66,True,María is available on Saturday at 10h. Capacity: 2. Load: 0.66,0.32
María,Thursday,15,2,79.59,0.81,0,0.72,True,María is available on Thursday at 15h. Capacity: 2. Load: 0.72,0.57
Ana,Sunday,13,4,33.36,0.11,0,0.66,True,Ana is available on Sunday at 13h. Capacity: 4. Load: 0.66,0.35
Luis,Sunday,14,4,81.95,0.71,0,0.59,True,Luis is available on Sunday at 14h. Capacity: 4. Load: 0.59,0.94
Lucía,Friday,11,2,62.22,0.97,0,0.23,False,Lucía is available on Friday at 11h. Capacity: 2. Load: 0.23,0.87
Lucía,Friday,15,4,85.48,0.27,0,0.97,False,Lucía is available on Friday at 15h. Capacity: 4. Load: 0.97,0.95
Javier,Friday,20,5,109.72,0.94,1,0.54,False,Javier is available on Friday at 20h. Capacity: 5. Load: 0.54,0.65
Lucía,Saturday,15,2,66.95,0.97,0,0.38,False,Lucía is available on Saturday at 15h. Capacity: 2. Load: 0.38,0.81
Lucía,Monday,13,4,62.91,0.75,0,0.81,True,Lucía is available on Monday at 13h. Capacity: 4. Load: 0.81,0.26
Patricia,Monday,18,3,75.89,0.68,0,0.8,True,Patricia is available on Monday at 18h. Capacity: 3. Load: 0.8,0.08
Lucía,Friday,7,5,68.13,0.79,0,0.86,False,Lucía is available on Friday at 7h. Capacity: 5. Load: 0.86,0.8
María,Thursday,15,3,76.89,0.84,0,0.53,False,María is available on Thursday at 15h. Capacity: 3. Load: 0.53,0.79
Lucía,Thursday,12,4,38.55,0.5,0,0.04,False,Lucía is available on Thursday at 12h. Capacity: 4. Load: 0.04,0.51
Javier,Tuesday,16,3,30.14,0.47,0,0.95,True,Javier is available on Tuesday at 16h. Capacity: 3. Load: 0.95,0.54
Lucía,Saturday,14,5,73.7,0.63,0,0.61,False,Lucía is available on Saturday at 14h. Capacity: 5. Load: 0.61,0.16
Javier,Wednesday,18,5,66.76,0.9,0,0.01,True,Javier is available on Wednesday at 18h. Capacity: 5. Load: 0.01,0.56
Luis,Monday,18,1,71.27,0.2,0,0.78,False,Luis is available on Monday at 18h. Capacity: 1. Load: 0.78,0.11
Lucía,Tuesday,9,5,98.58,0.4,0,0.15,True,Lucía is available on Tuesday at 9h. Capacity: 5. Load: 0.15,0.93
Javier,Thursday,16,2,36.58,0.12,0,0.97,True,Javier is available on Thursday at 16h. Capacity: 2. Load: 0.97,0.93
Carlos,Saturday,14,5,98.75,0.59,0,0.05,False,Carlos is available on Saturday at 14h. Capacity: 5. Load: 0.05,0.26
Ana,Sunday,11,1,83.45,0.99,0,0.25,False,Ana is available on Sunday at 11h. Capacity: 1. Load: 0.25,0.9
Patricia,Saturday,15,5,95.63,0.35,0,0.68,False,Patricia is available on Saturday at 15h. Capacity: 5. Load: 0.68,0.2
Luis,Sunday,13,2,67.23,0.7,0,0.27,False,Luis is available on Sunday at 13h. Capacity: 2. Load: 0.27,1.0
Luis,Saturday,7,2,78.86,0.88,0,0.63,False,Luis is available on Saturday at 7h. Capacity: 2. Load: 0.63,0.86
Patricia,Thursday,18,2,81.87,0.77,0,0.4,False,Patricia is available on Thursday at 18h. Capacity: 2. Load: 0.4,0.12
Carlos,Friday,10,4,78.84,0.96,0,0.75,True,Carlos is available on Friday at 10h. Capacity: 4. Load: 0.75,0.08
Javier,Thursday,19,2,32.34,0.59,0,0.76,True,Javier is available on Thursday at 19h. Capacity: 2. Load: 0.76,0.29
María,Saturday,20,3,87.52,0.37,1,0.39,False,María is available on Saturday at 20h. Capacity: 3. Load: 0.39,0.6
Luis,Saturday,11,5,84.41,0.19,0,0.67,False,Luis is available on Saturday at 11h. Capacity: 5. Load: 0.67,0.72
Luis,Thursday,20,1,78.89,0.57,1,0.53,False,Luis is available on Thursday at 20h. Capacity: 1. Load: 0.53,0.25
María,Saturday,10,1,70.91,0.3,0,0.79,True,María is available on Saturday at 10h. Capacity: 1. Load: 0.79,0.63
María,Thursday,18,3,92.1,0.84,0,0.24,True,María is available on Thursday at 18h. Capacity: 3. Load: 0.24,0.53
Lucía,Friday,11,1,66.04,0.25,0,0.25,False,Lucía is available on Friday at 11h. Capacity: 1. Load: 0.25,0.2
Carlos,Tuesday,9,5,41.51,0.18,0,0.29,False,Carlos is available on Tuesday at 9h. Capacity: 5. Load: 0.29,0.91
Javier,Friday,19,4,60.69,0.91,0,0.29,True,Javier is available on Friday at 19h. Capacity: 4. Load: 0.29,0.0
Ana,Tuesday,11,2,52.93,0.95,0,0.02,False,Ana is available on Tuesday at 11h. Capacity: 2. Load: 0.02,0.7
Carlos,Wednesday,11,3,73.67,0.7,0,0.14,False,Carlos is available on Wednesday at 11h. Capacity: 3. Load: 0.14,0.66
Carlos,Tuesday,19,1,31.78,0.98,0,0.39,True,Carlos is available on Tuesday at 19h. Capacity: 1. Load: 0.39,0.55
Ana,Saturday,17,1,41.11,1.0,0,0.23,False,Ana is available on Saturday at 17h. Capacity: 1. Load: 0.23,0.88
Javier,Thursday,18,3,66.45,0.64,0,0.03,False,Javier is available on Thursday at 18h. Capacity: 3. Load: 0.03,0.1
Javier,Friday,19,4,34.32,0.12,0,0.25,True,Javier is available on Friday at 19h. Capacity: 4. Load: 0.25,0.74
Luis,Tuesday,16,3,89.42,0.23,0,0.63,True,Luis is available on Tuesday at 16h. Capacity: 3. Load: 0.63,0.78
Carlos,Monday,21,5,41.63,0.69,1,0.92,True,Carlos is available on Monday at 21h. Capacity: 5. Load: 0.92,0.6
Carlos,Sunday,9,5,52.22,0.68,0,0.09,True,Carlos is available on Sunday at 9h. Capacity: 5. Load: 0.09,0.28
Luis,Saturday,20,3,97.2,0.97,1,0.6,True,Luis is available on Saturday at 20h. Capacity: 3. Load: 0.6,0.23
Luis,Friday,19,2,49.34,0.21,0,0.43,True,Luis is available on Friday at 19h. Capacity: 2. Load: 0.43,0.57
María,Thursday,16,1,71.24,0.96,0,0.95,True,María is available on Thursday at 16h. Capacity: 1. Load: 0.95,0.39
Ana,Tuesday,19,1,48.45,0.36,0,0.25,False,Ana is available on Tuesday at 19h. Capacity: 1. Load: 0.25,0.42
María,Wednesday,8,3,62.53,0.28,0,0.43,False,María is available on Wednesday at 8h. Capacity: 3. Load: 0.43,0.64
Carlos,Sunday,8,4,59.01,0.3,0,0.82,True,Carlos is available on Sunday at 8h. Capacity: 4. Load: 0.82,0.36
Luis,Wednesday,12,2,31.23,0.32,0,0.06,True,Luis is available on Wednesday at 12h. Capacity: 2. Load: 0.06,0.77
Ana,Wednesday,19,2,81.27,0.22,0,0.92,False,Ana is available on Wednesday at 19h. Capacity: 2. Load: 0.92,0.98
Luis,Thursday,21,1,104.63,0.58,1,0.69,True,Luis is available on Thursday at 21h. Capacity: 1. Load: 0.69,0.73
Javier,Thursday,18,1,53.84,0.93,0,0.65,False,Javier is available on Thursday at 18h. Capacity: 1. Load: 0.65,0.02
Ana,Sunday,19,4,32.39,0.81,0,0.9,False,Ana is available on Sunday at 19h. Capacity: 4. Load: 0.9,0.47
Carlos,Sunday,16,4,43.04,0.82,0,0.12,True,Carlos is available on Sunday at 16h. Capacity: 4. Load: 0.12,0.11
Carlos,Sunday,8,3,95.28,0.23,0,0.46,True,Carlos is available on Sunday at 8h. Capacity: 3. Load: 0.46,0.15
Ana,Saturday,10,4,44.67,0.76,0,0.93,True,Ana is available on Saturday at 10h. Capacity: 4. Load: 0.93,0.7
Lucía,Tuesday,17,5,30.05,0.1,0,0.76,True,Lucía is available on Tuesday at 17h. Capacity: 5. Load: 0.76,0.56
Carlos,Sunday,18,4,58.55,0.2,0,0.75,True,Carlos is available on Sunday at 18h. Capacity: 4. Load: 0.75,0.67
Luis,Sunday,15,1,69.16,0.1,0,1.0,False,Luis is available on Sunday at 15h. Capacity: 1. Load: 1.0,0.19
Carlos,Sunday,13,3,95.53,0.21,0,0.5,False,Carlos is available on Sunday at 13h. Capacity: 3. Load: 0.5,0.06
Carlos,Friday,20,3,115.69,0.56,1,0.22,True,Carlos is available on Friday at 20h. Capacity: 3. Load: 0.22,0.52
María,Monday,21,5,92.64,0.62,1,0.41,True,María is available on Monday at 21h. Capacity: 5. Load: 0.41,0.66
Ana,Saturday,7,5,88.83,0.52,0,0.2,True,Ana is available on Saturday at 7h. Capacity: 5. Load: 0.2,0.77
Patricia,Wednesday,15,3,77.86,0.47,0,0.98,False,Patricia is available on Wednesday at 15h. Capacity: 3. Load: 0.98,0.38
Lucía,Sunday,11,3,95.83,0.64,0,0.85,False,Lucía is available on Sunday at 11h. Capacity: 3. Load: 0.85,0.86
Carlos,Sunday,7,4,74.74,0.49,0,0.29,True,Carlos is available on Sunday at 7h. Capacity: 4. Load: 0.29,0.81
Javier,Saturday,12,3,58.28,0.54,0,0.58,False,Javier is available on Saturday at 12h. Capacity: 3. Load: 0.58,0.21
Lucía,Thursday,13,5,53.42,0.36,0,0.9,False,Lucía is available on Thursday at 13h. Capacity: 5. Load: 0.9,0.1
María,Tuesday,12,4,65.42,0.71,0,0.37,True,María is available on Tuesday at 12h. Capacity: 4. Load: 0.37,0.12
Ana,Sunday,21,5,40.57,0.87,1,0.06,False,Ana is available on Sunday at 21h. Capacity: 5. Load: 0.06,0.19
Javier,Tuesday,18,1,36.01,0.4,0,0.97,True,Javier is available on Tuesday at 18h. Capacity: 1. Load: 0.97,0.0
Ana,Monday,19,1,94.06,0.66,0,0.54,False,Ana is available on Monday at 19h. Capacity: 1. Load: 0.54,0.01
María,Monday,20,2,85.94,0.97,1,0.3,False,María is available on Monday at 20h. Capacity: 2. Load: 0.3,0.07
Lucía,Saturday,12,3,84.06,0.26,0,0.76,False,Lucía is available on Saturday at 12h. Capacity: 3. Load: 0.76,0.52
Javier,Wednesday,13,5,65.23,0.32,0,0.35,False,Javier is available on Wednesday at 13h. Capacity: 5. Load: 0.35,0.36
Ana,Monday,14,3,86.8,0.46,0,0.69,False,Ana is available on Monday at 14h. Capacity: 3. Load: 0.69,0.24
Ana,Monday,9,2,79.93,0.39,0,0.95,False,Ana is available on Monday at 9h. Capacity: 2. Load: 0.95,0.23
Carlos,Thursday,19,2,65.17,0.66,0,0.85,False,Carlos is available on Thursday at 19h. Capacity: 2. Load: 0.85,0.34
Lucía,Friday,15,5,68.26,0.25,0,0.17,False,Lucía is available on Friday at 15h. Capacity: 5. Load: 0.17,0.72
María,Tuesday,9,5,71.93,0.91,0,0.69,False,María is available on Tuesday at 9h. Capacity: 5. Load: 0.69,0.97
María,Friday,17,5,59.7,0.79,0,0.96,True,María is available on Friday at 17h. Capacity: 5. Load: 0.96,0.51
Carlos,Tuesday,8,5,60.0,0.3,0,0.64,True,Carlos is available on Tuesday at 8h. Capacity: 5. Load: 0.64,0.61
Luis,Wednesday,20,3,90.34,0.92,1,0.1,False,Luis is available on Wednesday at 20h. Capacity: 3. Load: 0.1,0.11
Javier,Wednesday,12,2,94.7,0.96,0,0.56,True,Javier is available on Wednesday at 12h. Capacity: 2. Load: 0.56,0.1
Patricia,Wednesday,15,2,90.87,0.62,0,0.36,False,Patricia is available on Wednesday at 15h. Capacity: 2. Load: 0.36,0.22
Ana,Sunday,17,5,77.69,0.7,0,0.79,True,Ana is available on Sunday at 17h. Capacity: 5. Load: 0.79,0.63
Carlos,Saturday,18,2,46.2,0.67,0,0.29,False,Carlos is available on Saturday at 18h. Capacity: 2. Load: 0.29,0.83
Carlos,Monday,10,1,46.02,0.92,0,0.54,False,Carlos is available on Monday at 10h. Capacity: 1. Load: 0.54,0.47
Luis,Sunday,7,2,68.9,0.67,0,0.54,False,Luis is available on Sunday at 7h. Capacity: 2. Load: 0.54,0.62
Lucía,Saturday,19,5,44.28,0.83,0,0.72,True,Lucía is available on Saturday at 19h. Capacity: 5. Load: 0.72,0.59
María,Thursday,10,1,53.02,0.18,0,0.79,True,María is available on Thursday at 10h. Capacity: 1. Load: 0.79,0.13
Carlos,Monday,11,4,74.86,0.17,0,0.16,False,Carlos is available on Monday at 11h. Capacity: 4. Load: 0.16,0.66
Lucía,Wednesday,14,3,95.42,0.13,0,0.63,False,Lucía is available on Wednesday at 14h. Capacity: 3. Load: 0.63,0.31
Lucía,Thursday,14,3,83.78,0.84,0,0.71,True,Lucía is available on Thursday at 14h. Capacity: 3. Load: 0.71,0.12
María,Monday,12,1,70.37,0.78,0,0.76,True,María is available on Monday at 12h. Capacity: 1. Load: 0.76,0.25
Patricia,Saturday,20,2,90.28,0.94,1,0.64,False,Patricia is available on Saturday at 20h. Capacity: 2. Load: 0.64,0.41
Patricia,Monday,14,1,52.96,1.0,0,0.66,False,Patricia is available on Monday at 14h. Capacity: 1. Load: 0.66,0.26
Lucía,Thursday,7,3,66.9,0.82,0,0.76,False,Lucía is available on Thursday at 7h. Capacity: 3. Load: 0.76,0.79
Ana,Monday,20,2,88.24,0.57,1,0.9,False,Ana is available on Monday at 20h. Capacity: 2. Load: 0.9,0.79
Lucía,Saturday,14,4,65.29,0.46,0,0.85,False,Lucía is available on Saturday at 14h. Capacity: 4. Load: 0.85,0.95
Carlos,Friday,16,2,93.4,0.16,0,0.31,True,Carlos is available on Friday at 16h. Capacity: 2. Load: 0.31,0.15
Lucía,Sunday,13,4,69.41,0.71,0,0.82,False,Lucía is available on Sunday at 13h. Capacity: 4. Load: 0.82,0.99
Carlos,Thursday,7,2,73.36,0.78,0,0.49,False,Carlos is available on Thursday at 7h. Capacity: 2. Load: 0.49,0.48
Lucía,Thursday,21,4,98.2,0.1,1,0.9,False,Lucía is available on Thursday at 21h. Capacity: 4. Load: 0.9,0.58
Patricia,Thursday,8,2,37.68,0.56,0,0.49,True,Patricia is available on Thursday at 8h. Capacity: 2. Load: 0.49,0.91
Javier,Wednesday,20,2,111.7,0.77,1,0.31,True,Javier is available on Wednesday at 20h. Capacity: 2. Load: 0.31,0.62
Patricia,Wednesday,14,2,34.09,1.0,0,0.51,False,Patricia is available on Wednesday at 14h. Capacity: 2. Load: 0.51,0.93
Luis,Wednesday,13,2,77.6,0.31,0,0.02,False,Luis is available on Wednesday at 13h. Capacity: 2. Load: 0.02,0.4
Luis,Monday,12,1,33.26,0.13,0,0.05,False,Luis is available on Monday at 12h. Capacity: 1. Load: 0.05,0.63
Patricia,Friday,19,4,36.11,0.76,0,0.74,True,Patricia is available on Friday at 19h. Capacity: 4. Load: 0.74,0.74
Patricia,Friday,19,1,72.0,0.34,0,0.07,True,Patricia is available on Friday at 19h. Capacity: 1. Load: 0.07,0.86
Lucía,Saturday,18,4,77.37,0.81,0,0.86,True,Lucía is available on Saturday at 18h. Capacity: 4. Load: 0.86,0.52
Javier,Monday,16,2,43.14,0.95,0,0.07,False,Javier is available on Monday at 16h. Capacity: 2. Load: 0.07,0.26
Javier,Monday,20,5,106.03,1.0,1,0.12,False,Javier is available on Monday at 20h. Capacity: 5. Load: 0.12,0.03
Carlos,Saturday,11,4,48.67,0.93,0,0.1,False,Carlos is available on Saturday at 11h. Capacity: 4. Load: 0.1,0.82
Patricia,Wednesday,8,5,51.53,0.33,0,0.68,True,Patricia is available on Wednesday at 8h. Capacity: 5. Load: 0.68,0.52
Patricia,Wednesday,18,4,35.79,0.34,0,0.61,False,Patricia is available on Wednesday at 18h. Capacity: 4. Load: 0.61,0.56
Ana,Wednesday,15,5,92.19,0.93,0,0.22,True,Ana is available on Wednesday at 15h. Capacity: 5. Load: 0.22,0.91
Luis,Sunday,19,4,39.79,0.62,0,0.96,True,Luis is available on Sunday at 19h. Capacity: 4. Load: 0.96,0.26
Lucía,Monday,19,5,92.89,0.26,0,0.53,True,Lucía is available on Monday at 19h. Capacity: 5. Load: 0.53,0.49
Carlos,Wednesday,15,1,37.42,0.43,0,0.72,False,Carlos is available on Wednesday at 15h. Capacity: 1. Load: 0.72,0.33
Patricia,Friday,8,4,59.54,0.24,0,0.31,False,Patricia is available on Friday at 8h. Capacity: 4. Load: 0.31,0.3
Ana,Sunday,19,4,37.09,0.9,0,0.19,False,Ana is available on Sunday at 19h. Capacity: 4. Load: 0.19,0.7
Carlos,Saturday,14,5,42.31,0.13,0,0.61,False,Carlos is available on Saturday at 14h. Capacity: 5. Load: 0.61,0.6
Patricia,Saturday,12,2,79.59,0.5,0,0.93,True,Patricia is available on Saturday at 12h. Capacity: 2. Load: 0.93,0.63
Javier,Tuesday,7,3,88.98,0.67,0,0.27,False,Javier is available on Tuesday at 7h. Capacity: 3. Load: 0.27,0.08
Lucía,Friday,19,2,56.4,0.4,0,0.23,False,Lucía is available on Friday at 19h. Capacity: 2. Load: 0.23,0.28
Ana,Sunday,13,3,49.93,0.11,0,0.43,True,Ana is available on Sunday at 13h. Capacity: 3. Load: 0.43,0.36
Carlos,Sunday,12,5,74.38,0.46,0,0.85,False,Carlos is available on Sunday at 12h. Capacity: 5. Load: 0.85,0.86
Patricia,Thursday,11,3,52.36,0.66,0,0.98,True,Patricia is available on Thursday at 11h. Capacity: 3. Load: 0.98,0.68
Javier,Thursday,7,1,86.12,0.11,0,0.24,False,Javier is available on Thursday at 7h. Capacity: 1. Load: 0.24,0.7
Javier,Wednesday,9,1,45.86,0.28,0,0.85,False,Javier is available on Wednesday at 9h. Capacity: 1. Load: 0.85,0.15
Carlos,Friday,9,1,60.78,0.61,0,0.57,False,Carlos is available on Friday at 9h. Capacity: 1. Load: 0.57,0.27
Patricia,Sunday,13,2,45.36,0.4,0,0.91,True,Patricia is available on Sunday at 13h. Capacity: 2. Load: 0.91,0.34
María,Friday,12,4,54.38,0.18,0,0.4,True,María is available on Friday at 12h. Capacity: 4. Load: 0.4,0.02
Javier,Friday,19,1,46.91,0.44,0,0.98,False,Javier is available on Friday at 19h. Capacity: 1. Load: 0.98,0.1
Carlos,Friday,10,3,67.27,0.52,0,0.28,True,Carlos is available on Friday at 10h. Capacity: 3. Load: 0.28,0.98
Luis,Sunday,8,4,71.6,0.33,0,0.3,False,Luis is available on Sunday at 8h. Capacity: 4. Load: 0.3,0.59
Lucía,Sunday,8,1,41.16,0.18,0,0.45,False,Lucía is available on Sunday at 8h. Capacity: 1. Load: 0.45,0.27
Carlos,Monday,9,2,35.44,0.71,0,0.72,True,Carlos is available on Monday at 9h. Capacity: 2. Load: 0.72,0.5
Javier,Thursday,7,3,44.43,0.78,0,0.57,True,Javier is available on Thursday at 7h. Capacity: 3. Load: 0.57,0.51
Ana,Friday,10,3,56.08,0.94,0,0.51,True,Ana is available on Friday at 10h. Capacity: 3. Load: 0.51,0.15
Carlos,Friday,15,3,43.66,0.25,0,0.99,True,Carlos is available on Friday at 15h. Capacity: 3. Load: 0.99,0.74
Patricia,Thursday,12,3,34.3,0.22,0,0.18,True,Patricia is available on Thursday at 12h. Capacity: 3. Load: 0.18,0.48
Javier,Saturday,12,4,99.08,0.35,0,0.64,True,Javier is available on Saturday at 12h. Capacity: 4. Load: 0.64,0.23
Luis,Saturday,12,1,46.24,0.72,0,0.01,False,Luis is available on Saturday at 12h. Capacity: 1. Load: 0.01,0.32
María,Tuesday,8,2,91.47,0.64,0,0.96,True,María is available on Tuesday at 8h. Capacity: 2. Load: 0.96,0.59
Lucía,Wednesday,10,3,58.5,0.61,0,0.44,True,Lucía is available on Wednesday at 10h. Capacity: 3. Load: 0.44,0.93
María,Tuesday,12,2,45.06,0.54,0,0.78,True,María is available on Tuesday at 12h. Capacity: 2. Load: 0.78,0.91
Patricia,Saturday,8,3,95.85,0.32,0,0.8,True,Patricia is available on Saturday at 8h. Capacity: 3. Load: 0.8,0.6
Patricia,Monday,12,4,51.3,0.82,0,0.4,True,Patricia is available on Monday at 12h. Capacity: 4. Load: 0.4,0.21
Luis,Sunday,19,4,49.53,0.59,0,0.41,False,Luis is available on Sunday at 19h. Capacity: 4. Load: 0.41,0.28
Carlos,Friday,8,4,74.47,0.24,0,0.02,True,Carlos is available on Friday at 8h. Capacity: 4. Load: 0.02,0.74
Patricia,Sunday,20,1,115.09,0.15,1,0.47,True,Patricia is available on Sunday at 20h. Capacity: 1. Load: 0.47,0.1
Carlos,Monday,15,5,31.47,0.17,0,0.84,True,Carlos is available on Monday at 15h. Capacity: 5. Load: 0.84,0.73
Javier,Wednesday,20,5,85.64,0.79,1,0.78,True,Javier is available on Wednesday at 20h. Capacity: 5. Load: 0.78,0.1
Lucía,Wednesday,8,1,78.86,0.2,0,0.27,False,Lucía is available on Wednesday at 8h. Capacity: 1. Load: 0.27,0.73
María,Saturday,10,4,96.58,0.64,0,0.19,True,María is available on Saturday at 10h. Capacity: 4. Load: 0.19,1.0
Carlos,Monday,12,3,95.27,0.56,0,0.65,True,Carlos is available on Monday at 12h. Capacity: 3. Load: 0.65,0.91
María,Thursday,18,1,62.34,0.38,0,0.6,True,María is available on Thursday at 18h. Capacity: 1. Load: 0.6,0.88
Javier,Wednesday,15,5,82.29,0.33,0,0.95,True,Javier is available on Wednesday at 15h. Capacity: 5. Load: 0.95,0.68
María,Wednesday,7,5,62.92,0.13,0,0.89,False,María is available on Wednesday at 7h. Capacity: 5. Load: 0.89,0.84
Ana,Tuesday,17,3,83.73,0.36,0,0.3,False,Ana is available on Tuesday at 17h. Capacity: 3. Load: 0.3,0.85
Patricia,Tuesday,11,4,33.84,0.35,0,0.84,True,Patricia is available on Tuesday at 11h. Capacity: 4. Load: 0.84,0.07
Luis,Monday,19,2,48.75,0.14,0,0.66,False,Luis is available on Monday at 19h. Capacity: 2. Load: 0.66,0.61
Luis,Tuesday,18,1,98.41,0.66,0,0.51,True,Luis is available on Tuesday at 18h. Capacity: 1. Load: 0.51,0.01
Carlos,Wednesday,8,4,64.13,0.38,0,0.17,False,Carlos is available on Wednesday at 8h. Capacity: 4. Load: 0.17,0.66
Javier,Wednesday,15,1,77.03,0.36,0,0.66,False,Javier is available on Wednesday at 15h. Capacity: 1. Load: 0.66,0.98
Luis,Monday,14,4,35.26,0.76,0,0.29,False,Luis is available on Monday at 14h. Capacity: 4. Load: 0.29,0.01
Patricia,Tuesday,8,4,91.11,0.3,0,0.91,False,Patricia is available on Tuesday at 8h. Capacity: 4. Load: 0.91,0.74
Carlos,Tuesday,9,5,88.63,0.77,0,0.25,True,Carlos is available on Tuesday at 9h. Capacity: 5. Load: 0.25,0.18
Lucía,Saturday,17,2,39.35,0.61,0,0.0,False,Lucía is available on Saturday at 17h. Capacity: 2. Load: 0.0,0.61
Ana,Tuesday,19,5,62.11,0.18,0,0.73,True,Ana is available on Tuesday at 19h. Capacity: 5. Load: 0.73,0.28
Luis,Thursday,15,3,54.27,0.39,0,0.5,True,Luis is available on Thursday at 15h. Capacity: 3. Load: 0.5,0.45
Javier,Thursday,8,5,63.24,0.4,0,0.6,True,Javier is available on Thursday at 8h. Capacity: 5. Load: 0.6,0.69
Patricia,Friday,16,5,74.85,0.81,0,0.94,False,Patricia is available on Friday at 16h. Capacity: 5. Load: 0.94,0.43
María,Sunday,10,1,98.09,0.46,0,0.83,False,María is available on Sunday at 10h. Capacity: 1. Load: 0.83,0.9
Lucía,Thursday,13,4,99.71,0.11,0,0.16,False,Lucía is available on Thursday at 13h. Capacity: 4. Load: 0.16,0.78
Lucía,Monday,10,1,66.38,0.15,0,0.77,False,Lucía is available on Monday at 10h. Capacity: 1. Load: 0.77,0.69
Carlos,Monday,18,2,71.88,0.54,0,0.95,True,Carlos is available on Monday at 18h. Capacity: 2. Load: 0.95,0.19
Lucía,Friday,9,3,64.55,0.31,0,0.2,False,Lucía is available on Friday at 9h. Capacity: 3. Load: 0.2,0.1
Patricia,Tuesday,19,4,62.06,0.8,0,0.02,True,Patricia is available on Tuesday at 19h. Capacity: 4. Load: 0.02,0.12
Ana,Monday,8,4,78.8,0.57,0,0.64,True,Ana is available on Monday at 8h. Capacity: 4. Load: 0.64,0.33
Lucía,Saturday,15,4,45.7,0.28,0,0.33,True,Lucía is available on Saturday at 15h. Capacity: 4. Load: 0.33,0.97
Luis,Tuesday,14,3,68.24,0.2,0,0.02,True,Luis is available on Tuesday at 14h. Capacity: 3. Load: 0.02,0.51
Patricia,Tuesday,16,5,60.12,0.45,0,0.67,True,Patricia is available on Tuesday at 16h. Capacity: 5. Load: 0.67,0.08
Ana,Friday,17,4,60.36,0.71,0,0.68,False,Ana is available on Friday at 17h. Capacity: 4. Load: 0.68,0.35
Patricia,Monday,17,1,85.59,0.77,0,0.08,False,Patricia is available on Monday at 17h. Capacity: 1. Load: 0.08,0.47
Lucía,Saturday,21,4,118.38,0.49,1,0.19,False,Lucía is available on Saturday at 21h. Capacity: 4. Load: 0.19,0.22
Luis,Saturday,18,5,98.26,0.74,0,0.31,True,Luis is available on Saturday at 18h. Capacity: 5. Load: 0.31,0.93
Lucía,Friday,18,2,65.74,0.44,0,0.82,False,Lucía is available on Friday at 18h. Capacity: 2. Load: 0.82,0.16
Carlos,Friday,14,2,43.42,0.4,0,0.58,True,Carlos is available on Friday at 14h. Capacity: 2. Load: 0.58,0.17
Luis,Thursday,13,4,76.23,0.78,0,0.09,True,Luis is available on Thursday at 13h. Capacity: 4. Load: 0.09,0.4
Carlos,Tuesday,19,3,46.52,0.18,0,0.36,False,Carlos is available on Tuesday at 19h. Capacity: 3. Load: 0.36,0.44
Luis,Friday,13,2,96.31,0.34,0,0.06,False,Luis is available on Friday at 13h. Capacity: 2. Load: 0.06,0.18
Ana,Monday,8,3,51.88,0.51,0,0.84,False,Ana is available on Monday at 8h. Capacity: 3. Load: 0.84,0.49
Lucía,Monday,10,1,76.34,0.91,0,0.78,False,Lucía is available on Monday at 10h. Capacity: 1. Load: 0.78,0.84
Lucía,Friday,12,1,62.74,0.64,0,0.04,False,Lucía is available on Friday at 12h. Capacity: 1. Load: 0.04,0.47
Patricia,Friday,9,3,82.32,0.63,0,0.77,False,Patricia is available on Friday at 9h. Capacity: 3. Load: 0.77,0.79
Patricia,Thursday,12,4,80.96,0.66,0,0.83,False,Patricia is available on Thursday at 12h. Capacity: 4. Load: 0.83,0.93
Luis,Tuesday,14,1,83.47,0.59,0,0.07,True,Luis is available on Tuesday at 14h. Capacity: 1. Load: 0.07,0.29
María,Saturday,20,4,103.79,0.15,1,0.44,False,María is available on Saturday at 20h. Capacity: 4. Load: 0.44,0.59
Luis,Thursday,21,1,57.2,0.53,1,0.16,True,Luis is available on Thursday at 21h. Capacity: 1. Load: 0.16,0.28
Carlos,Saturday,10,5,40.22,0.92,0,0.39,True,Carlos is available on Saturday at 10h. Capacity: 5. Load: 0.39,0.18
Patricia,Saturday,15,3,66.86,0.21,0,0.44,False,Patricia is available on Saturday at 15h. Capacity: 3. Load: 0.44,0.77
María,Tuesday,14,2,56.79,0.46,0,0.77,True,María is available on Tuesday at 14h. Capacity: 2. Load: 0.77,0.54
Ana,Friday,14,3,38.55,0.34,0,0.97,True,Ana is available on Friday at 14h. Capacity: 3. Load: 0.97,0.85
María,Tuesday,19,5,39.78,0.95,0,0.31,True,María is available on Tuesday at 19h. Capacity: 5. Load: 0.31,0.27
María,Thursday,9,5,65.01,0.17,0,0.09,False,María is available on Thursday at 9h. Capacity: 5. Load: 0.09,0.83
Carlos,Tuesday,20,3,101.7,0.24,1,0.76,False,Carlos is available on Tuesday at 20h. Capacity: 3. Load: 0.76,0.68
Javier,Thursday,10,2,70.31,0.41,0,0.96,True,Javier is available on Thursday at 10h. Capacity: 2. Load: 0.96,0.89
María,Saturday,12,1,99.86,0.99,0,0.29,False,María is available on Saturday at 12h. Capacity: 1. Load: 0.29,0.42
Ana,Thursday,13,5,84.86,0.59,0,0.54,True,Ana is available on Thursday at 13h. Capacity: 5. Load: 0.54,0.21
Ana,Friday,17,2,73.87,0.65,0,0.59,False,Ana is available on Friday at 17h. Capacity: 2. Load: 0.59,0.48
Javier,Monday,9,5,36.3,0.26,0,0.52,True,Javier is available on Monday at 9h. Capacity: 5. Load: 0.52,0.83
Carlos,Sunday,18,5,31.88,0.96,0,0.12,True,Carlos is available on Sunday at 18h. Capacity: 5. Load: 0.12,0.78
María,Wednesday,19,5,60.9,0.45,0,0.94,True,María is available on Wednesday at 19h. Capacity: 5. Load: 0.94,0.43
Patricia,Sunday,19,1,80.91,0.7,0,0.43,True,Patricia is available on Sunday at 19h. Capacity: 1. Load: 0.43,0.94
Patricia,Wednesday,19,4,36.43,0.55,0,0.35,True,Patricia is available on Wednesday at 19h. Capacity: 4. Load: 0.35,0.64
Lucía,Saturday,20,1,37.96,0.74,1,0.76,False,Lucía is available on Saturday at 20h. Capacity: 1. Load: 0.76,0.6
Javier,Saturday,16,1,45.83,0.43,0,0.99,False,Javier is available on Saturday at 16h. Capacity: 1. Load: 0.99,0.51
Ana,Friday,9,5,50.15,0.23,0,0.78,False,Ana is available on Friday at 9h. Capacity: 5. Load: 0.78,0.54
María,Saturday,15,5,78.17,0.47,0,0.64,False,María is available on Saturday at 15h. Capacity: 5. Load: 0.64,0.53
Javier,Wednesday,8,5,59.83,0.72,0,0.94,True,Javier is available on Wednesday at 8h. Capacity: 5. Load: 0.94,0.06
Patricia,Saturday,15,1,35.36,0.27,0,0.65,True,Patricia is available on Saturday at 15h. Capacity: 1. Load: 0.65,0.36
María,Tuesday,19,1,62.01,0.34,0,0.73,False,María is available on Tuesday at 19h. Capacity: 1. Load: 0.73,0.28
Ana,Thursday,11,5,84.83,0.44,0,0.99,True,Ana is available on Thursday at 11h. Capacity: 5. Load: 0.99,0.61
Javier,Tuesday,7,1,37.5,0.2,0,0.01,False,Javier is available on Tuesday at 7h. Capacity: 1. Load: 0.01,0.52
Carlos,Thursday,20,2,109.58,0.23,1,0.09,False,Carlos is available on Thursday at 20h. Capacity: 2. Load: 0.09,0.3
Javier,Wednesday,19,4,80.66,0.6,0,0.74,False,Javier is available on Wednesday at 19h. Capacity: 4. Load: 0.74,0.84
Lucía,Friday,14,4,67.88,0.18,0,0.8,True,Lucía is available on Friday at 14h. Capacity: 4. Load: 0.8,0.29
Luis,Wednesday,11,1,67.4,0.86,0,0.05,False,Luis is available on Wednesday at 11h. Capacity: 1. Load: 0.05,0.04
Lucía,Sunday,17,1,89.39,0.71,0,0.61,False,Lucía is available on Sunday at 17h. Capacity: 1. Load: 0.61,0.03
María,Thursday,10,4,37.46,0.3,0,0.8,False,María is available on Thursday at 10h. Capacity: 4. Load: 0.8,0.58
Javier,Friday,9,5,38.45,0.12,0,0.68,False,Javier is available on Friday at 9h. Capacity: 5. Load: 0.68,0.24
Carlos,Monday,13,2,76.05,0.98,0,0.05,True,Carlos is available on Monday at 13h. Capacity: 2. Load: 0.05,0.97
Javier,Wednesday,12,3,89.0,0.43,0,0.44,False,Javier is available on Wednesday at 12h. Capacity: 3. Load: 0.44,0.31
Ana,Tuesday,14,5,83.15,0.79,0,0.71,False,Ana is available on Tuesday at 14h. Capacity: 5. Load: 0.71,0.17
Javier,Wednesday,8,2,96.96,0.77,0,0.28,True,Javier is available on Wednesday at 8h. Capacity: 2. Load: 0.28,0.14
Ana,Sunday,18,3,66.89,0.54,0,0.73,True,Ana is available on Sunday at 18h. Capacity: 3. Load: 0.73,0.66
Lucía,Saturday,14,3,31.72,0.33,0,0.83,False,Lucía is available on Saturday at 14h. Capacity: 3. Load: 0.83,0.11
Javier,Wednesday,9,4,41.61,0.21,0,0.32,True,Javier is available on Wednesday at 9h. Capacity: 4. Load: 0.32,0.29
María,Friday,21,3,54.22,0.51,1,0.47,False,María is available on Friday at 21h. Capacity: 3. Load: 0.47,0.29
Javier,Monday,11,2,76.2,0.22,0,0.33,True,Javier is available on Monday at 11h. Capacity: 2. Load: 0.33,0.71
Lucía,Saturday,15,4,69.46,0.45,0,0.85,True,Lucía is available on Saturday at 15h. Capacity: 4. Load: 0.85,0.73
Lucía,Wednesday,8,4,40.02,0.81,0,0.62,False,Lucía is available on Wednesday at 8h. Capacity: 4. Load: 0.62,0.43
Ana,Tuesday,7,2,46.32,0.59,0,0.99,False,Ana is available on Tuesday at 7h. Capacity: 2. Load: 0.99,0.58
Carlos,Monday,19,2,79.4,0.83,0,0.6,False,Carlos is available on Monday at 19h. Capacity: 2. Load: 0.6,0.09
Ana,Thursday,11,4,85.18,0.4,0,0.88,True,Ana is available on Thursday at 11h. Capacity: 4. Load: 0.88,0.87
Javier,Saturday,15,5,91.19,0.43,0,0.65,True,Javier is available on Saturday at 15h. Capacity: 5. Load: 0.65,0.67
Ana,Friday,14,4,83.5,0.14,0,0.27,False,Ana is available on Friday at 14h. Capacity: 4. Load: 0.27,0.82
Carlos,Wednesday,14,1,96.23,0.84,0,0.69,True,Carlos is available on Wednesday at 14h. Capacity: 1. Load: 0.69,0.19
Carlos,Wednesday,17,4,82.17,0.42,0,0.11,False,Carlos is available on Wednesday at 17h. Capacity: 4. Load: 0.11,0.04
María,Tuesday,17,3,98.12,0.5,0,0.74,True,María is available on Tuesday at 17h. Capacity: 3. Load: 0.74,0.87
Ana,Monday,20,4,107.03,0.7,1,0.68,True,Ana is available on Monday at 20h. Capacity: 4. Load: 0.68,0.8
Carlos,Friday,16,2,96.38,0.1,0,0.51,False,Carlos is available on Friday at 16h. Capacity: 2. Load: 0.51,0.35
Ana,Wednesday,19,3,37.77,0.93,0,0.37,False,Ana is available on Wednesday at 19h. Capacity: 3. Load: 0.37,0.69
Lucía,Wednesday,8,1,56.48,0.96,0,0.01,True,Lucía is available on Wednesday at 8h. Capacity: 1. Load: 0.01,0.44
Javier,Monday,17,1,38.99,0.18,0,0.87,True,Javier is available on Monday at 17h. Capacity: 1. Load: 0.87,0.85
Ana,Wednesday,12,3,90.12,0.8,0,0.03,False,Ana is available on Wednesday at 12h. Capacity: 3. Load: 0.03,0.2
Lucía,Thursday,16,5,91.78,0.38,0,0.83,False,Lucía is available on Thursday at 16h. Capacity: 5. Load: 0.83,0.93
Patricia,Wednesday,18,3,43.98,0.86,0,0.15,False,Patricia is available on Wednesday at 18h. Capacity: 3. Load: 0.15,0.11
Lucía,Thursday,10,5,75.43,0.6,0,0.24,False,Lucía is available on Thursday at 10h. Capacity: 5. Load: 0.24,0.38
Ana,Friday,12,1,35.73,0.56,0,0.63,False,Ana is available on Friday at 12h. Capacity: 1. Load: 0.63,0.11
Luis,Thursday,18,5,98.47,0.53,0,0.27,True,Luis is available on Thursday at 18h. Capacity: 5. Load: 0.27,0.55
Javier,Thursday,14,5,90.53,0.68,0,0.18,False,Javier is available on Thursday at 14h. Capacity: 5. Load: 0.18,0.94
Javier,Wednesday,16,4,67.01,0.12,0,0.07,True,Javier is available on Wednesday at 16h. Capacity: 4. Load: 0.07,0.36
Luis,Sunday,9,5,40.73,0.34,0,0.81,True,Luis is available on Sunday at 9h. Capacity: 5. Load: 0.81,0.26
Lucía,Thursday,17,2,91.17,0.51,0,0.16,True,Lucía is available on Thursday at 17h. Capacity: 2. Load: 0.16,0.16
Javier,Wednesday,16,2,47.32,0.85,0,0.02,True,Javier is available on Wednesday at 16h. Capacity: 2. Load: 0.02,0.52
Lucía,Sunday,19,2,75.52,0.31,0,0.49,True,Lucía is available on Sunday at 19h. Capacity: 2. Load: 0.49,0.15
Patricia,Wednesday,8,4,89.72,0.29,0,0.45,False,Patricia is available on Wednesday at 8h. Capacity: 4. Load: 0.45,0.39
Luis,Wednesday,9,1,53.3,0.71,0,0.57,True,Luis is available on Wednesday at 9h. Capacity: 1. Load: 0.57,0.89
María,Friday,14,5,43.49,0.6,0,0.45,True,María is available on Friday at 14h. Capacity: 5. Load: 0.45,0.19
María,Saturday,21,2,82.99,0.47,1,0.51,False,María is available on Saturday at 21h. Capacity: 2. Load: 0.51,0.22
Ana,Wednesday,20,4,73.68,0.24,1,0.46,True,Ana is available on Wednesday at 20h. Capacity: 4. Load: 0.46,0.75
Lucía,Friday,19,1,65.78,0.59,0,0.95,True,Lucía is available on Friday at 19h. Capacity: 1. Load: 0.95,0.77
Ana,Tuesday,9,1,59.29,0.15,0,0.43,True,Ana is available on Tuesday at 9h. Capacity: 1. Load: 0.43,0.54
Carlos,Wednesday,17,2,36.48,0.61,0,0.43,False,Carlos is available on Wednesday at 17h. Capacity: 2. Load: 0.43,0.61
Patricia,Wednesday,13,5,63.46,0.83,0,0.36,True,Patricia is available on Wednesday at 13h. Capacity: 5. Load: 0.36,0.49
Javier,Wednesday,21,2,114.9,0.92,1,0.17,True,Javier is available on Wednesday at 21h. Capacity: 2. Load: 0.17,0.14
María,Saturday,15,2,75.15,0.35,0,0.6,False,María is available on Saturday at 15h. Capacity: 2. Load: 0.6,0.48
María,Thursday,20,3,116.38,0.51,1,0.29,True,María is available on Thursday at 20h. Capacity: 3. Load: 0.29,0.65
Ana,Monday,18,4,93.54,0.85,0,0.59,False,Ana is available on Monday at 18h. Capacity: 4. Load: 0.59,0.97
Carlos,Wednesday,7,5,90.5,0.48,0,0.62,True,Carlos is available on Wednesday at 7h. Capacity: 5. Load: 0.62,0.05
Patricia,Friday,11,2,97.97,0.42,0,0.53,False,Patricia is available on Friday at 11h. Capacity: 2. Load: 0.53,0.99
Carlos,Thursday,13,4,86.53,0.51,0,0.1,False,Carlos is available on Thursday at 13h. Capacity: 4. Load: 0.1,0.99
Ana,Friday,12,2,91.5,0.35,0,0.71,False,Ana is available on Friday at 12h. Capacity: 2. Load: 0.71,0.98
Javier,Thursday,19,3,48.31,0.54,0,0.33,True,Javier is available on Thursday at 19h. Capacity: 3. Load: 0.33,0.11
María,Monday,17,1,80.76,0.23,0,0.79,True,María is available on Monday at 17h. Capacity: 1. Load: 0.79,0.22
Ana,Saturday,21,2,115.03,0.12,1,0.25,True,Ana is available on Saturday at 21h. Capacity: 2. Load: 0.25,0.05
María,Sunday,20,2,45.01,0.19,1,0.92,False,María is available on Sunday at 20h. Capacity: 2. Load: 0.92,0.14
María,Wednesday,17,4,61.16,0.31,0,0.99,False,María is available on Wednesday at 17h. Capacity: 4. Load: 0.99,0.71
Carlos,Friday,9,5,75.28,0.1,0,0.16,False,Carlos is available on Friday at 9h. Capacity: 5. Load: 0.16,0.09
María,Monday,12,2,91.59,0.43,0,0.6,True,María is available on Monday at 12h. Capacity: 2. Load: 0.6,0.91
Luis,Tuesday,10,1,75.63,0.12,0,0.24,False,Luis is available on Tuesday at 10h. Capacity: 1. Load: 0.24,0.79
María,Tuesday,10,3,69.9,0.15,0,0.01,True,María is available on Tuesday at 10h. Capacity: 3. Load: 0.01,0.26
Lucía,Wednesday,16,4,70.66,0.62,0,0.69,False,Lucía is available on Wednesday at 16h. Capacity: 4. Load: 0.69,0.99
Ana,Monday,11,3,95.55,0.38,0,0.47,False,Ana is available on Monday at 11h. Capacity: 3. Load: 0.47,0.22
Ana,Thursday,16,3,60.13,0.67,0,0.07,True,Ana is available on Thursday at 16h. Capacity: 3. Load: 0.07,0.92
Patricia,Tuesday,18,1,37.47,0.52,0,0.48,True,Patricia is available on Tuesday at 18h. Capacity: 1. Load: 0.48,0.73
Javier,Thursday,10,5,56.08,0.16,0,0.55,True,Javier is available on Thursday at 10h. Capacity: 5. Load: 0.55,0.41
María,Sunday,11,2,68.78,0.3,0,0.02,False,María is available on Sunday at 11h. Capacity: 2. Load: 0.02,0.9
Patricia,Saturday,11,2,80.41,0.43,0,0.59,True,Patricia is available on Saturday at 11h. Capacity: 2. Load: 0.59,0.95
Patricia,Tuesday,14,1,63.58,1.0,0,0.62,False,Patricia is available on Tuesday at 14h. Capacity: 1. Load: 0.62,0.69
Javier,Thursday,15,2,35.15,0.15,0,0.3,False,Javier is available on Thursday at 15h. Capacity: 2. Load: 0.3,0.04
Luis,Saturday,20,2,92.11,0.51,1,0.49,False,Luis is available on Saturday at 20h. Capacity: 2. Load: 0.49,0.82
Javier,Sunday,9,3,54.78,0.5,0,0.02,True,Javier is available on Sunday at 9h. Capacity: 3. Load: 0.02,0.62
María,Thursday,9,1,58.79,1.0,0,0.7,False,María is available on Thursday at 9h. Capacity: 1. Load: 0.7,0.55
Patricia,Tuesday,21,1,62.66,0.66,1,0.86,True,Patricia is available on Tuesday at 21h. Capacity: 1. Load: 0.86,0.18
Carlos,Thursday,17,4,94.81,0.24,0,0.61,True,Carlos is available on Thursday at 17h. Capacity: 4. Load: 0.61,0.77
Patricia,Monday,20,1,76.32,0.66,1,0.71,True,Patricia is available on Monday at 20h. Capacity: 1. Load: 0.71,0.91
Luis,Sunday,9,1,48.48,0.65,0,0.12,False,Luis is available on Sunday at 9h. Capacity: 1. Load: 0.12,0.93
Carlos,Monday,9,4,80.64,0.95,0,0.66,True,Carlos is available on Monday at 9h. Capacity: 4. Load: 0.66,0.15
María,Wednesday,11,2,77.62,0.48,0,0.69,False,María is available on Wednesday at 11h. Capacity: 2. Load: 0.69,0.75
Patricia,Monday,13,3,78.84,0.86,0,0.77,False,Patricia is available on Monday at 13h. Capacity: 3. Load: 0.77,0.57
Luis,Monday,16,1,88.19,0.58,0,0.79,False,Luis is available on Monday at 16h. Capacity: 1. Load: 0.79,0.17
Luis,Tuesday,9,4,42.51,0.23,0,0.02,True,Luis is available on Tuesday at 9h. Capacity: 4. Load: 0.02,0.02
Ana,Sunday,21,5,50.86,0.44,1,0.9,False,Ana is available on Sunday at 21h. Capacity: 5. Load: 0.9,0.28
Ana,Tuesday,15,3,97.25,0.72,0,0.79,False,Ana is available on Tuesday at 15h. Capacity: 3. Load: 0.79,0.52
Lucía,Sunday,19,2,98.06,0.21,0,0.08,True,Lucía is available on Sunday at 19h. Capacity: 2. Load: 0.08,0.84
Javier,Thursday,18,5,33.38,0.84,0,0.06,False,Javier is available on Thursday at 18h. Capacity: 5. Load: 0.06,0.56
Lucía,Friday,8,2,87.16,0.75,0,0.0,False,Lucía is available on Friday at 8h. Capacity: 2. Load: 0.0,0.38
Luis,Wednesday,7,5,85.56,0.5,0,0.36,True,Luis is available on Wednesday at 7h. Capacity: 5. Load: 0.36,0.82
Patricia,Tuesday,14,1,45.2,0.22,0,0.48,False,Patricia is available on Tuesday at 14h. Capacity: 1. Load: 0.48,0.14
Luis,Wednesday,13,2,58.71,0.83,0,0.8,False,Luis is available on Wednesday at 13h. Capacity: 2. Load: 0.8,0.82
Ana,Wednesday,9,1,60.05,0.14,0,0.97,True,Ana is available on Wednesday at 9h. Capacity: 1. Load: 0.97,0.21
Patricia,Saturday,11,5,98.51,0.95,0,0.42,False,Patricia is available on Saturday at 11h. Capacity: 5. Load: 0.42,0.61
Carlos,Saturday,20,3,90.76,0.55,1,0.07,True,Carlos is available on Saturday at 20h. Capacity: 3. Load: 0.07,0.77
María,Saturday,17,5,80.13,0.88,0,0.4,False,María is available on Saturday at 17h. Capacity: 5. Load: 0.4,0.51
Lucía,Wednesday,19,1,97.28,0.87,0,0.5,False,Lucía is available on Wednesday at 19h. Capacity: 1. Load: 0.5,0.67
María,Tuesday,14,2,77.1,0.52,0,0.59,False,María is available on Tuesday at 14h. Capacity: 2. Load: 0.59,0.74
Javier,Wednesday,18,5,41.41,0.43,0,0.63,True,Javier is available on Wednesday at 18h. Capacity: 5. Load: 0.63,0.41
Carlos,Thursday,17,2,90.18,0.8,0,0.51,True,Carlos is available on Thursday at 17h. Capacity: 2. Load: 0.51,0.43
Patricia,Thursday,19,2,65.9,0.16,0,0.1,False,Patricia is available on Thursday at 19h. Capacity: 2. Load: 0.1,0.06
Carlos,Sunday,8,3,35.55,0.66,0,0.02,True,Carlos is available on Sunday at 8h. Capacity: 3. Load: 0.02,0.23
Carlos,Saturday,11,4,36.86,0.55,0,0.86,False,Carlos is available on Saturday at 11h. Capacity: 4. Load: 0.86,0.54
Lucía,Thursday,11,2,61.12,0.75,0,0.84,True,Lucía is available on Thursday at 11h. Capacity: 2. Load: 0.84,0.3
Carlos,Monday,19,5,82.89,0.23,0,0.52,False,Carlos is available on Monday at 19h. Capacity: 5. Load: 0.52,0.84
Carlos,Sunday,18,3,39.83,0.11,0,0.63,True,Carlos is available on Sunday at 18h. Capacity: 3. Load: 0.63,0.98
Javier,Tuesday,17,2,64.87,0.99,0,0.13,True,Javier is available on Tuesday at 17h. Capacity: 2. Load: 0.13,0.72
Carlos,Saturday,10,2,58.45,0.13,0,0.31,False,Carlos is available on Saturday at 10h. Capacity: 2. Load: 0.31,0.22
Ana,Saturday,11,3,88.94,0.99,0,0.16,False,Ana is available on Saturday at 11h. Capacity: 3. Load: 0.16,0.67
Luis,Monday,16,1,53.52,0.25,0,0.16,False,Luis is available on Monday at 16h. Capacity: 1. Load: 0.16,0.39
Patricia,Tuesday,16,4,69.9,0.8,0,0.4,False,Patricia is available on Tuesday at 16h. Capacity: 4. Load: 0.4,0.05
Lucía,Sunday,21,5,38.88,0.48,1,0.14,False,Lucía is available on Sunday at 21h. Capacity: 5. Load: 0.14,0.31
Luis,Friday,12,5,70.1,0.88,0,0.01,False,Luis is available on Friday at 12h. Capacity: 5. Load: 0.01,0.05
Carlos,Friday,7,4,78.65,0.29,0,0.28,False,Carlos is available on Friday at 7h. Capacity: 4. Load: 0.28,0.1
Luis,Sunday,16,2,61.21,0.79,0,0.36,False,Luis is available on Sunday at 16h. Capacity: 2. Load: 0.36,0.8
Javier,Friday,7,5,76.03,0.62,0,0.58,True,Javier is available on Friday at 7h. Capacity: 5. Load: 0.58,0.27
Patricia,Friday,7,3,99.59,0.21,0,0.11,False,Patricia is available on Friday at 7h. Capacity: 3. Load: 0.11,0.71
Carlos,Wednesday,10,5,77.68,0.83,0,0.21,False,Carlos is available on Wednesday at 10h. Capacity: 5. Load: 0.21,0.01
Ana,Sunday,10,2,65.34,0.47,0,0.28,False,Ana is available on Sunday at 10h. Capacity: 2. Load: 0.28,0.41
Luis,Monday,9,1,58.88,0.64,0,0.99,True,Luis is available on Monday at 9h. Capacity: 1. Load: 0.99,0.03
Javier,Thursday,20,3,45.14,0.9,1,0.26,False,Javier is available on Thursday at 20h. Capacity: 3. Load: 0.26,0.7
Lucía,Sunday,11,4,39.22,0.45,0,0.45,True,Lucía is available on Sunday at 11h. Capacity: 4. Load: 0.45,0.3
Carlos,Saturday,17,4,62.88,0.13,0,0.92,False,Carlos is available on Saturday at 17h. Capacity: 4. Load: 0.92,0.21
Javier,Tuesday,7,5,57.34,0.61,0,0.42,False,Javier is available on Tuesday at 7h. Capacity: 5. Load: 0.42,0.03
Luis,Tuesday,16,4,47.21,0.85,0,0.88,True,Luis is available on Tuesday at 16h. Capacity: 4. Load: 0.88,0.01
Lucía,Monday,11,2,49.24,0.47,0,0.87,True,Lucía is available on Monday at 11h. Capacity: 2. Load: 0.87,0.11
Luis,Wednesday,17,5,78.78,0.6,0,0.92,True,Luis is available on Wednesday at 17h. Capacity: 5. Load: 0.92,0.07
María,Saturday,21,1,84.5,0.51,1,0.58,True,María is available on Saturday at 21h. Capacity: 1. Load: 0.58,0.6
Carlos,Friday,9,3,47.87,0.78,0,0.69,True,Carlos is available on Friday at 9h. Capacity: 3. Load: 0.69,0.2
Javier,Thursday,11,1,44.94,0.96,0,0.42,True,Javier is available on Thursday at 11h. Capacity: 1. Load: 0.42,0.25
María,Sunday,13,4,58.77,0.72,0,0.06,True,María is available on Sunday at 13h. Capacity: 4. Load: 0.06,0.1
Ana,Tuesday,11,5,77.32,0.18,0,0.78,False,Ana is available on Tuesday at 11h. Capacity: 5. Load: 0.78,0.22
Javier,Thursday,14,2,70.19,0.38,0,0.06,True,Javier is available on Thursday at 14h. Capacity: 2. Load: 0.06,0.3
Lucía,Saturday,13,3,87.71,0.45,0,0.56,False,Lucía is available on Saturday at 13h. Capacity: 3. Load: 0.56,0.44
Luis,Saturday,9,3,85.33,0.95,0,0.11,True,Luis is available on Saturday at 9h. Capacity: 3. Load: 0.11,0.97
Carlos,Saturday,11,5,83.57,0.98,0,0.21,True,Carlos is available on Saturday at 11h. Capacity: 5. Load: 0.21,0.84
Javier,Friday,11,2,65.65,0.14,0,0.52,True,Javier is available on Friday at 11h. Capacity: 2. Load: 0.52,0.13
Carlos,Monday,9,2,63.48,0.41,0,0.05,True,Carlos is available on Monday at 9h. Capacity: 2. Load: 0.05,0.73
Lucía,Saturday,17,1,95.25,0.36,0,0.81,False,Lucía is available on Saturday at 17h. Capacity: 1. Load: 0.81,0.83
Luis,Friday,11,2,31.48,0.73,0,0.48,True,Luis is available on Friday at 11h. Capacity: 2. Load: 0.48,0.76
Luis,Friday,12,2,67.79,0.94,0,0.19,True,Luis is available on Friday at 12h. Capacity: 2. Load: 0.19,0.21
Luis,Saturday,13,1,40.51,0.66,0,0.92,False,Luis is available on Saturday at 13h. Capacity: 1. Load: 0.92,0.55
Carlos,Monday,12,3,72.26,0.8,0,0.04,True,Carlos is available on Monday at 12h. Capacity: 3. Load: 0.04,0.32
Lucía,Saturday,16,5,42.06,0.9,0,0.63,False,Lucía is available on Saturday at 16h. Capacity: 5. Load: 0.63,0.47
Patricia,Saturday,19,4,96.9,0.86,0,0.22,True,Patricia is available on Saturday at 19h. Capacity: 4. Load: 0.22,0.39
Carlos,Tuesday,17,3,80.12,0.95,0,0.26,True,Carlos is available on Tuesday at 17h. Capacity: 3. Load: 0.26,0.01
Ana,Saturday,13,2,76.84,0.67,0,0.24,False,Ana is available on Saturday at 13h. Capacity: 2. Load: 0.24,0.91
Ana,Wednesday,19,2,74.36,0.48,0,0.32,True,Ana is available on Wednesday at 19h. Capacity: 2. Load: 0.32,0.42
María,Saturday,18,5,98.0,0.84,0,0.78,True,María is available on Saturday at 18h. Capacity: 5. Load: 0.78,0.28
Patricia,Friday,14,3,58.65,0.65,0,0.13,False,Patricia is available on Friday at 14h. Capacity: 3. Load: 0.13,0.57
Patricia,Wednesday,19,4,54.14,0.6,0,0.33,False,Patricia is available on Wednesday at 19h. Capacity: 4. Load: 0.33,0.73
María,Saturday,21,2,94.52,0.11,1,0.26,True,María is available on Saturday at 21h. Capacity: 2. Load: 0.26,0.77
Javier,Thursday,16,2,48.41,0.27,0,0.92,False,Javier is available on Thursday at 16h. Capacity: 2. Load: 0.92,0.81
Javier,Thursday,10,4,91.21,0.33,0,0.29,True,Javier is available on Thursday at 10h. Capacity: 4. Load: 0.29,0.5
Lucía,Sunday,17,5,46.69,0.59,0,0.42,False,Lucía is available on Sunday at 17h. Capacity: 5. Load: 0.42,0.38
Carlos,Wednesday,17,5,78.97,0.48,0,0.93,False,Carlos is available on Wednesday at 17h. Capacity: 5. Load: 0.93,0.28
Carlos,Saturday,13,1,50.12,0.54,0,0.03,True,Carlos is available on Saturday at 13h. Capacity: 1. Load: 0.03,0.79
María,Saturday,18,1,99.37,0.77,0,0.43,True,María is available on Saturday at 18h. Capacity: 1. Load: 0.43,0.91
Carlos,Wednesday,13,3,92.46,0.84,0,0.6,True,Carlos is available on Wednesday at 13h. Capacity: 3. Load: 0.6,0.59
Lucía,Saturday,16,2,96.64,0.31,0,0.37,True,Lucía is available on Saturday at 16h. Capacity: 2. Load: 0.37,0.04
María,Saturday,9,5,54.66,0.65,0,0.65,True,María is available on Saturday at 9h. Capacity: 5. Load: 0.65,0.73
Carlos,Sunday,8,3,52.47,0.11,0,0.99,False,Carlos is available on Sunday at 8h. Capacity: 3. Load: 0.99,0.64
María,Wednesday,13,3,59.0,0.65,0,0.06,True,María is available on Wednesday at 13h. Capacity: 3. Load: 0.06,0.44
Javier,Monday,8,5,83.88,0.13,0,0.33,False,Javier is available on Monday at 8h. Capacity: 5. Load: 0.33,0.23
Javier,Saturday,12,1,81.77,0.51,0,0.06,True,Javier is available on Saturday at 12h. Capacity: 1. Load: 0.06,0.82
María,Tuesday,17,2,93.36,0.8,0,0.37,False,María is available on Tuesday at 17h. Capacity: 2. Load: 0.37,0.95
Lucía,Monday,19,3,69.96,0.5,0,0.17,True,Lucía is available on Monday at 19h. Capacity: 3. Load: 0.17,0.22
Lucía,Monday,17,5,50.82,0.92,0,0.75,False,Lucía is available on Monday at 17h. Capacity: 5. Load: 0.75,0.76
Carlos,Sunday,19,4,85.13,0.78,0,0.7,False,Carlos is available on Sunday at 19h. Capacity: 4. Load: 0.7,0.56
Luis,Saturday,14,3,74.7,0.75,0,0.18,False,Luis is available on Saturday at 14h. Capacity: 3. Load: 0.18,0.11
Lucía,Monday,7,5,84.76,0.57,0,0.71,False,Lucía is available on Monday at 7h. Capacity: 5. Load: 0.71,0.66
Carlos,Sunday,16,4,99.89,0.62,0,0.52,False,Carlos is available on Sunday at 16h. Capacity: 4. Load: 0.52,0.22
Lucía,Friday,17,2,63.84,0.68,0,0.81,False,Lucía is available on Friday at 17h. Capacity: 2. Load: 0.81,0.9
María,Sunday,14,1,98.42,0.35,0,0.2,True,María is available on Sunday at 14h. Capacity: 1. Load: 0.2,0.75
Javier,Tuesday,11,1,88.25,0.13,0,0.42,False,Javier is available on Tuesday at 11h. Capacity: 1. Load: 0.42,0.35
Carlos,Friday,21,5,90.78,0.87,1,0.33,False,Carlos is available on Friday at 21h. Capacity: 5. Load: 0.33,0.64
María,Thursday,20,4,51.16,0.95,1,0.62,False,María is available on Thursday at 20h. Capacity: 4. Load: 0.62,0.33
Ana,Thursday,19,1,62.68,0.75,0,0.05,True,Ana is available on Thursday at 19h. Capacity: 1. Load: 0.05,0.23
Ana,Tuesday,15,1,73.69,0.41,0,0.41,False,Ana is available on Tuesday at 15h. Capacity: 1. Load: 0.41,0.06
Lucía,Monday,10,2,41.7,1.0,0,0.56,False,Lucía is available on Monday at 10h. Capacity: 2. Load: 0.56,0.66
Carlos,Tuesday,13,1,87.82,0.57,0,0.96,False,Carlos is available on Tuesday at 13h. Capacity: 1. Load: 0.96,0.52
María,Wednesday,9,3,75.6,0.6,0,0.53,True,María is available on Wednesday at 9h. Capacity: 3. Load: 0.53,0.08
Ana,Wednesday,19,4,37.75,0.28,0,0.05,True,Ana is available on Wednesday at 19h. Capacity: 4. Load: 0.05,0.99
Luis,Thursday,15,4,45.89,0.53,0,0.91,True,Luis is available on Thursday at 15h. Capacity: 4. Load: 0.91,0.85
Carlos,Sunday,12,2,88.22,0.39,0,0.19,True,Carlos is available on Sunday at 12h. Capacity: 2. Load: 0.19,0.97
Javier,Monday,13,3,53.76,0.9,0,0.02,False,Javier is available on Monday at 13h. Capacity: 3. Load: 0.02,0.99
Luis,Friday,11,4,49.25,0.86,0,0.59,True,Luis is available on Friday at 11h. Capacity: 4. Load: 0.59,0.22
Javier,Tuesday,7,1,31.75,0.72,0,0.79,False,Javier is available on Tuesday at 7h. Capacity: 1. Load: 0.79,0.09
María,Saturday,7,3,81.58,0.15,0,0.86,False,María is available on Saturday at 7h. Capacity: 3. Load: 0.86,0.63
Luis,Sunday,12,5,37.42,0.44,0,0.58,True,Luis is available on Sunday at 12h. Capacity: 5. Load: 0.58,0.92
María,Tuesday,20,2,78.44,0.58,1,0.04,False,María is available on Tuesday at 20h. Capacity: 2. Load: 0.04,0.8
Ana,Tuesday,7,2,45.0,0.76,0,0.52,False,Ana is available on Tuesday at 7h. Capacity: 2. Load: 0.52,0.25
Ana,Saturday,7,3,83.62,0.35,0,0.04,True,Ana is available on Saturday at 7h. Capacity: 3. Load: 0.04,0.93
Ana,Tuesday,20,2,41.2,0.83,1,0.31,False,Ana is available on Tuesday at 20h. Capacity: 2. Load: 0.31,0.45
Carlos,Saturday,10,1,85.65,0.34,0,0.51,False,Carlos is available on Saturday at 10h. Capacity: 1. Load: 0.51,0.79
Lucía,Monday,16,5,93.24,0.54,0,0.49,True,Lucía is available on Monday at 16h. Capacity: 5. Load: 0.49,0.18
Carlos,Tuesday,19,1,83.27,0.43,0,0.68,False,Carlos is available on Tuesday at 19h. Capacity: 1. Load: 0.68,0.91
Ana,Saturday,14,5,53.9,0.19,0,0.57,False,Ana is available on Saturday at 14h. Capacity: 5. Load: 0.57,0.83
Lucía,Monday,13,4,97.15,0.98,0,0.16,True,Lucía is available on Monday at 13h. Capacity: 4. Load: 0.16,0.17
Ana,Thursday,16,4,51.42,0.7,0,0.92,False,Ana is available on Thursday at 16h. Capacity: 4. Load: 0.92,0.23
María,Friday,16,1,73.34,0.79,0,0.69,True,María is available on Friday at 16h. Capacity: 1. Load: 0.69,0.12
Lucía,Monday,16,3,35.94,0.71,0,0.17,False,Lucía is available on Monday at 16h. Capacity: 3. Load: 0.17,0.45
Javier,Saturday,11,2,67.36,0.89,0,0.5,False,Javier is available on Saturday at 11h. Capacity: 2. Load: 0.5,0.41
Patricia,Friday,8,1,65.95,0.54,0,0.45,True,Patricia is available on Friday at 8h. Capacity: 1. Load: 0.45,0.9
Carlos,Thursday,18,1,48.67,0.9,0,0.5,False,Carlos is available on Thursday at 18h. Capacity: 1. Load: 0.5,0.83
Ana,Saturday,21,1,114.68,0.98,1,0.26,True,Ana is available on Saturday at 21h. Capacity: 1. Load: 0.26,0.4
María,Monday,10,4,78.67,0.12,0,0.55,False,María is available on Monday at 10h. Capacity: 4. Load: 0.55,0.19
Javier,Wednesday,14,2,34.1,0.99,0,0.89,True,Javier is available on Wednesday at 14h. Capacity: 2. Load: 0.89,0.86
María,Thursday,17,4,66.04,0.43,0,0.77,True,María is available on Thursday at 17h. Capacity: 4. Load: 0.77,0.27
Javier,Tuesday,13,5,41.85,0.21,0,0.62,False,Javier is available on Tuesday at 13h. Capacity: 5. Load: 0.62,0.69
María,Monday,21,1,109.1,0.21,1,0.48,True,María is available on Monday at 21h. Capacity: 1. Load: 0.48,0.95
Ana,Tuesday,20,3,62.52,0.75,1,0.65,True,Ana is available on Tuesday at 20h. Capacity: 3. Load: 0.65,0.45
Luis,Friday,15,4,93.56,0.2,0,0.01,True,Luis is available on Friday at 15h. Capacity: 4. Load: 0.01,0.81
Luis,Thursday,8,2,51.34,0.49,0,0.48,False,Luis is available on Thursday at 8h. Capacity: 2. Load: 0.48,0.26
Lucía,Saturday,20,2,70.15,0.5,1,0.28,True,Lucía is available on Saturday at 20h. Capacity: 2. Load: 0.28,0.74
María,Tuesday,18,2,74.99,0.57,0,0.98,True,María is available on Tuesday at 18h. Capacity: 2. Load: 0.98,0.28
Javier,Thursday,9,5,95.62,0.97,0,0.64,False,Javier is available on Thursday at 9h. Capacity: 5. Load: 0.64,0.42
Luis,Tuesday,10,3,64.16,0.83,0,0.13,True,Luis is available on Tuesday at 10h. Capacity: 3. Load: 0.13,0.22
María,Tuesday,8,1,57.65,0.57,0,0.48,False,María is available on Tuesday at 8h. Capacity: 1. Load: 0.48,0.62
Javier,Saturday,14,3,34.65,0.58,0,0.44,False,Javier is available on Saturday at 14h. Capacity: 3. Load: 0.44,0.2
Lucía,Friday,8,4,83.6,0.73,0,0.3,True,Lucía is available on Friday at 8h. Capacity: 4. Load: 0.3,0.87
Javier,Thursday,18,5,34.73,0.6,0,0.23,True,Javier is available on Thursday at 18h. Capacity: 5. Load: 0.23,0.12
María,Wednesday,12,1,50.82,0.57,0,0.88,False,María is available on Wednesday at 12h. Capacity: 1. Load: 0.88,0.73
María,Wednesday,20,5,78.6,0.29,1,0.02,True,María is available on Wednesday at 20h. Capacity: 5. Load: 0.02,0.43
Patricia,Friday,10,4,53.79,0.14,0,0.23,True,Patricia is available on Friday at 10h. Capacity: 4. Load: 0.23,0.73
Lucía,Monday,12,4,57.7,0.17,0,0.04,True,Lucía is available on Monday at 12h. Capacity: 4. Load: 0.04,0.91
Ana,Monday,11,2,72.17,0.81,0,0.64,True,Ana is available on Monday at 11h. Capacity: 2. Load: 0.64,0.59
Carlos,Tuesday,8,5,30.28,0.19,0,0.29,False,Carlos is available on Tuesday at 8h. Capacity: 5. Load: 0.29,0.28
Ana,Monday,7,2,75.83,0.29,0,0.21,True,Ana is available on Monday at 7h. Capacity: 2. Load: 0.21,0.52
Carlos,Wednesday,20,4,48.49,0.5,1,0.82,True,Carlos is available on Wednesday at 20h. Capacity: 4. Load: 0.82,0.92
Javier,Wednesday,16,5,53.19,0.12,0,0.33,False,Javier is available on Wednesday at 16h. Capacity: 5. Load: 0.33,0.35
María,Friday,19,3,30.65,0.77,0,0.51,False,María is available on Friday at 19h. Capacity: 3. Load: 0.51,0.38
Javier,Wednesday,17,2,35.11,0.51,0,0.32,True,Javier is available on Wednesday at 17h. Capacity: 2. Load: 0.32,0.63
Lucía,Monday,16,3,92.66,0.29,0,0.66,True,Lucía is available on Monday at 16h. Capacity: 3. Load: 0.66,0.92
María,Thursday,18,1,99.32,0.34,0,0.21,True,María is available on Thursday at 18h. Capacity: 1. Load: 0.21,0.46
Carlos,Friday,15,4,92.81,0.57,0,0.37,True,Carlos is available on Friday at 15h. Capacity: 4. Load: 0.37,0.29
María,Wednesday,17,3,64.26,0.32,0,0.37,True,María is available on Wednesday at 17h. Capacity: 3. Load: 0.37,0.93
Lucía,Friday,19,4,48.71,0.92,0,0.91,True,Lucía is available on Friday at 19h. Capacity: 4. Load: 0.91,0.08
Patricia,Wednesday,13,4,51.59,0.5,0,0.29,True,Patricia is available on Wednesday at 13h. Capacity: 4. Load: 0.29,0.4
María,Sunday,8,2,92.53,0.66,0,0.12,False,María is available on Sunday at 8h. Capacity: 2. Load: 0.12,0.84
Patricia,Saturday,11,2,78.43,0.46,0,0.55,True,Patricia is available on Saturday at 11h. Capacity: 2. Load: 0.55,0.96
María,Tuesday,19,2,40.81,0.38,0,0.65,False,María is available on Tuesday at 19h. Capacity: 2. Load: 0.65,0.73
Carlos,Monday,18,3,90.31,0.93,0,0.08,True,Carlos is available on Monday at 18h. Capacity: 3. Load: 0.08,0.9
Carlos,Wednesday,15,2,49.2,0.33,0,0.44,False,Carlos is available on Wednesday at 15h. Capacity: 2. Load: 0.44,0.66
Lucía,Friday,11,1,64.49,0.24,0,0.81,True,Lucía is available on Friday at 11h. Capacity: 1. Load: 0.81,0.13
María,Monday,9,3,77.1,0.57,0,0.92,True,María is available on Monday at 9h. Capacity: 3. Load: 0.92,0.39
Carlos,Wednesday,18,3,45.71,0.88,0,0.55,False,Carlos is available on Wednesday at 18h. Capacity: 3. Load: 0.55,0.64
Luis,Monday,20,4,59.16,0.11,1,0.96,False,Luis is available on Monday at 20h. Capacity: 4. Load: 0.96,0.1
Patricia,Saturday,8,5,66.89,0.88,0,0.84,False,Patricia is available on Saturday at 8h. Capacity: 5. Load: 0.84,0.22
Luis,Sunday,19,1,83.95,0.17,0,0.83,True,Luis is available on Sunday at 19h. Capacity: 1. Load: 0.83,0.51
María,Sunday,10,1,74.55,0.97,0,0.89,False,María is available on Sunday at 10h. Capacity: 1. Load: 0.89,0.47
Lucía,Wednesday,19,5,56.75,0.95,0,0.02,False,Lucía is available on Wednesday at 19h. Capacity: 5. Load: 0.02,0.98
Javier,Monday,11,1,75.28,0.27,0,0.7,True,Javier is available on Monday at 11h. Capacity: 1. Load: 0.7,0.31
Ana,Saturday,18,5,90.95,0.84,0,0.3,False,Ana is available on Saturday at 18h. Capacity: 5. Load: 0.3,0.7
Javier,Sunday,17,5,58.1,0.79,0,0.61,False,Javier is available on Sunday at 17h. Capacity: 5. Load: 0.61,0.64
Carlos,Friday,7,3,33.44,0.87,0,0.42,True,Carlos is available on Friday at 7h. Capacity: 3. Load: 0.42,0.26
Javier,Tuesday,15,4,59.67,0.69,0,0.96,True,Javier is available on Tuesday at 15h. Capacity: 4. Load: 0.96,0.79
Luis,Tuesday,7,5,51.63,0.66,0,0.31,False,Luis is available on Tuesday at 7h. Capacity: 5. Load: 0.31,0.09
Javier,Tuesday,9,5,58.44,0.81,0,0.87,False,Javier is available on Tuesday at 9h. Capacity: 5. Load: 0.87,0.06
Lucía,Sunday,9,5,44.76,0.67,0,0.4,True,Lucía is available on Sunday at 9h. Capacity: 5. Load: 0.4,0.96
Ana,Wednesday,11,5,89.68,0.6,0,0.87,True,Ana is available on Wednesday at 11h. Capacity: 5. Load: 0.87,0.77
María,Tuesday,17,2,90.88,0.23,0,0.3,True,María is available on Tuesday at 17h. Capacity: 2. Load: 0.3,0.46
Ana,Tuesday,16,3,48.15,0.97,0,0.56,True,Ana is available on Tuesday at 16h. Capacity: 3. Load: 0.56,0.68
María,Wednesday,13,5,90.78,0.69,0,0.53,True,María is available on Wednesday at 13h. Capacity: 5. Load: 0.53,0.04
Javier,Saturday,9,5,80.56,0.46,0,0.5,False,Javier is available on Saturday at 9h. Capacity: 5. Load: 0.5,0.51
Patricia,Tuesday,20,1,112.42,0.48,1,0.42,True,Patricia is available on Tuesday at 20h. Capacity: 1. Load: 0.42,0.64
Lucía,Sunday,14,3,32.49,0.97,0,0.22,False,Lucía is available on Sunday at 14h. Capacity: 3. Load: 0.22,0.27
María,Friday,7,3,83.37,0.29,0,0.07,True,María is available on Friday at 7h. Capacity: 3. Load: 0.07,0.83
Carlos,Friday,19,1,95.82,0.63,0,0.15,True,Carlos is available on Friday at 19h. Capacity: 1. Load: 0.15,0.41
Ana,Friday,15,4,55.84,0.98,0,0.86,True,Ana is available on Friday at 15h. Capacity: 4. Load: 0.86,0.39
Carlos,Monday,19,2,40.87,0.45,0,0.27,True,Carlos is available on Monday at 19h. Capacity: 2. Load: 0.27,0.12
María,Wednesday,18,3,57.51,0.55,0,0.49,False,María is available on Wednesday at 18h. Capacity: 3. Load: 0.49,0.62
Carlos,Sunday,18,1,79.69,0.53,0,0.91,True,Carlos is available on Sunday at 18h. Capacity: 1. Load: 0.91,0.18
Javier,Saturday,17,3,66.36,0.73,0,0.82,False,Javier is available on Saturday at 17h. Capacity: 3. Load: 0.82,0.05
Ana,Friday,17,2,47.65,0.68,0,0.7,True,Ana is available on Friday at 17h. Capacity: 2. Load: 0.7,0.79
Ana,Saturday,12,1,99.19,0.72,0,0.72,False,Ana is available on Saturday at 12h. Capacity: 1. Load: 0.72,0.89
María,Wednesday,17,3,93.43,0.16,0,0.77,True,María is available on Wednesday at 17h. Capacity: 3. Load: 0.77,0.57
Luis,Sunday,8,2,43.32,0.95,0,0.96,True,Luis is available on Sunday at 8h. Capacity: 2. Load: 0.96,0.52
Patricia,Tuesday,21,5,36.76,0.49,1,0.2,False,Patricia is available on Tuesday at 21h. Capacity: 5. Load: 0.2,0.38
Ana,Monday,16,1,83.56,0.57,0,0.91,True,Ana is available on Monday at 16h. Capacity: 1. Load: 0.91,0.02
Ana,Friday,19,5,63.33,0.1,0,0.8,True,Ana is available on Friday at 19h. Capacity: 5. Load: 0.8,0.34
Javier,Tuesday,14,2,37.58,0.2,0,0.68,False,Javier is available on Tuesday at 14h. Capacity: 2. Load: 0.68,0.76
María,Thursday,16,3,61.66,0.67,0,0.5,False,María is available on Thursday at 16h. Capacity: 3. Load: 0.5,0.57
Patricia,Monday,11,5,76.96,0.53,0,0.73,True,Patricia is available on Monday at 11h. Capacity: 5. Load: 0.73,0.16
Ana,Sunday,10,5,57.82,0.3,0,0.91,True,Ana is available on Sunday at 10h. Capacity: 5. Load: 0.91,0.33
Patricia,Sunday,10,4,42.14,0.66,0,0.42,False,Patricia is available on Sunday at 10h. Capacity: 4. Load: 0.42,0.65
Ana,Monday,16,5,75.14,0.63,0,0.73,False,Ana is available on Monday at 16h. Capacity: 5. Load: 0.73,0.23
Lucía,Sunday,21,5,54.82,0.87,1,0.54,True,Lucía is available on Sunday at 21h. Capacity: 5. Load: 0.54,0.4
Carlos,Monday,14,4,51.56,0.51,0,0.56,False,Carlos is available on Monday at 14h. Capacity: 4. Load: 0.56,0.41
Carlos,Sunday,10,2,95.81,0.31,0,0.84,False,Carlos is available on Sunday at 10h. Capacity: 2. Load: 0.84,0.75
Carlos,Sunday,14,4,64.27,0.35,0,0.62,True,Carlos is available on Sunday at 14h. Capacity: 4. Load: 0.62,0.38
Carlos,Friday,7,1,76.37,0.85,0,0.65,True,Carlos is available on Friday at 7h. Capacity: 1. Load: 0.65,0.64
Patricia,Saturday,20,4,104.29,0.85,1,0.47,False,Patricia is available on Saturday at 20h. Capacity: 4. Load: 0.47,0.54
Carlos,Saturday,15,5,93.72,0.24,0,0.12,False,Carlos is available on Saturday at 15h. Capacity: 5. Load: 0.12,0.74
Patricia,Saturday,10,4,39.0,0.12,0,0.05,False,Patricia is available on Saturday at 10h. Capacity: 4. Load: 0.05,0.21
Patricia,Friday,21,4,95.74,0.69,1,0.53,False,Patricia is available on Friday at 21h. Capacity: 4. Load: 0.53,0.5
Ana,Thursday,9,5,82.94,0.74,0,0.72,False,Ana is available on Thursday at 9h. Capacity: 5. Load: 0.72,0.01
Patricia,Thursday,19,1,59.65,0.24,0,0.79,True,Patricia is available on Thursday at 19h. Capacity: 1. Load: 0.79,0.97
Lucía,Thursday,10,4,86.96,0.72,0,0.74,True,Lucía is available on Thursday at 10h. Capacity: 4. Load: 0.74,0.43
Javier,Friday,7,1,93.37,0.37,0,0.08,False,Javier is available on Friday at 7h. Capacity: 1. Load: 0.08,0.95
Patricia,Saturday,17,1,65.48,0.63,0,0.69,True,Patricia is available on Saturday at 17h. Capacity: 1. Load: 0.69,0.14
Luis,Sunday,18,5,33.03,0.53,0,0.53,False,Luis is available on Sunday at 18h. Capacity: 5. Load: 0.53,0.18
